ano,trimestre,data,pib,inflacao,taxa_juros,taxa_desemprego,cambio_dolar,renda_media,consumo_familias,investimento,exportacoes,importacoes,nivel_economico
2015,1,2015-03-01,2013242.64,7.29,10.81,5.21,5.82,3077.7,92.81,93.19,486.01,180.73,Crise
2015,2,2015-06-01,1825371.98,6.97,7.76,9.32,4.41,4081.32,114.84,106.41,368.69,352.33,Crise
2015,3,2015-09-01,2584505.76,4.8,3.41,8.47,5.29,3510.61,132.22,121.5,492.67,292.0,Estabilidade
2015,4,2015-12-01,2501214.1,9.74,5.5,11.24,5.06,3987.57,96.94,110.15,438.43,395.98,Crise
2016,1,2016-03-01,1848504.55,3.01,7.79,10.33,5.6,3980.34,118.2,126.46,197.97,273.79,Crescimento
2016,2,2016-06-01,2554501.28,9.06,4.41,8.72,4.8,2474.86,121.28,92.94,417.9,176.49,Crescimento
2016,3,2016-09-01,2777415.79,11.74,8.06,11.16,5.61,2195.64,98.13,125.12,215.4,435.31,Estabilidade
2016,4,2016-12-01,1885614.95,4.77,14.79,9.01,5.6,3546.48,132.12,87.47,355.92,410.76,Crescimento
2017,1,2017-03-01,2637819.42,6.72,8.2,8.57,5.52,2503.72,105.09,118.99,432.05,217.18,Crise
2017,2,2017-06-01,2706716.68,9.15,6.05,6.12,3.43,2729.2,103.68,114.13,467.35,327.48,Crise
2017,3,2017-09-01,2194373.75,4.87,11.45,9.59,3.15,3207.06,110.84,108.37,260.57,410.21,Crescimento
2017,4,2017-12-01,2301550.46,4.42,12.38,5.59,4.77,3110.72,112.02,94.38,447.53,185.95,Crescimento
2018,1,2018-03-01,2772100.6,9.35,5.97,7.77,4.42,3596.02,86.36,93.93,346.46,205.33,Estabilidade
2018,2,2018-06-01,2687872.92,6.86,15.91,9.4,4.12,2672.48,80.19,115.74,237.07,161.3,Crescimento
2018,3,2018-09-01,2000188.37,4.03,9.59,10.29,3.54,1834.9,115.72,122.78,444.25,162.21,Crise
2018,4,2018-12-01,2647779.03,3.31,6.86,13.53,3.9,3648.23,102.91,83.64,407.86,171.71,Crescimento
2019,1,2019-03-01,2333365.09,5.35,13.83,8.58,3.91,3705.47,111.19,113.69,229.21,445.43,Crise
2019,2,2019-06-01,2739617.13,6.17,11.06,12.14,4.48,3830.44,139.48,79.98,271.57,385.94,Crescimento
2019,3,2019-09-01,2183666.13,6.5,15.23,8.08,4.66,3105.36,139.39,112.29,211.92,444.84,Estabilidade
2019,4,2019-12-01,2737964.95,10.29,7.05,8.22,4.66,2954.32,118.35,103.41,430.96,405.14,Estabilidade
2020,1,2020-03-01,2340133.77,2.88,6.71,6.09,3.08,1815.15,89.3,112.05,217.71,354.74,Crescimento
2020,2,2020-06-01,1960499.88,8.59,6.01,9.43,5.99,1955.61,115.83,114.02,455.92,202.51,Crise
2020,3,2020-09-01,2429037.81,10.41,5.68,9.84,3.96,3375.59,138.79,112.37,392.72,265.64,Crise
2020,4,2020-12-01,2374558.15,8.49,15.28,5.1,5.24,1836.44,118.46,107.17,394.65,331.76,Crise
2021,1,2021-03-01,2160911.95,3.19,11.28,7.35,5.61,2340.56,88.4,95.41,308.13,263.42,Estabilidade
2021,2,2021-06-01,2510436.0,9.63,6.16,6.37,3.93,1827.96,114.87,106.2,323.42,293.24,Crescimento
2021,3,2021-09-01,1996437.72,9.74,3.32,14.67,5.83,2998.5,105.06,110.28,384.76,314.52,Crescimento
2021,4,2021-12-01,2060945.77,2.75,8.91,12.96,4.53,3472.45,112.78,123.84,445.77,272.0,Crise
2022,1,2022-03-01,1883385.33,2.65,11.57,7.79,3.71,1903.72,133.65,95.3,302.35,210.67,Crise
2022,2,2022-06-01,1946401.74,2.21,9.72,14.18,4.65,2135.53,88.02,123.48,353.2,299.58,Estabilidade
2022,3,2022-09-01,2614979.11,4.54,4.28,8.59,4.59,2383.97,125.18,96.91,208.07,431.68,Crise
2022,4,2022-12-01,2743479.6,11.85,12.89,13.77,3.25,1897.51,87.17,107.57,241.08,305.2,Estabilidade
2023,1,2023-03-01,1889185.8,6.45,10.02,13.51,5.01,3136.52,103.87,126.05,223.5,263.29,Crise
2023,2,2023-06-01,1772995.33,6.3,8.31,7.9,3.55,3277.27,98.59,97.99,414.2,387.59,Crescimento
2023,3,2023-09-01,1707970.94,7.7,5.21,14.7,4.6,3965.76,130.97,94.99,460.7,203.74,Estabilidade
2023,4,2023-12-01,1753368.65,11.9,7.41,5.04,3.55,2066.11,127.34,91.29,278.37,437.89,Estabilidade
2024,1,2024-03-01,1832855.08,3.01,14.76,14.91,5.3,2037.3,116.19,102.52,430.6,363.06,Estabilidade
2024,2,2024-06-01,2272515.48,2.29,13.37,6.93,5.51,1959.98,135.24,79.49,299.82,412.83,Crescimento
2024,3,2024-09-01,2562304.86,9.11,14.21,5.35,5.1,3353.67,92.6,117.78,424.93,182.5,Estabilidade
2024,4,2024-12-01,2178470.79,4.12,12.12,5.57,3.66,3119.16,139.24,124.58,453.11,373.36,Crescimento
